Type,Name,Request Count,Failure Count,Median Response Time,Average Response Time,Min Response Time,Max Response Time,Average Content Size,Requests/s,Failures/s,50%,66%,75%,80%,90%,95%,98%,99%,99.9%,99.99%,100%
GET,/Backend,624,0,12,136.73015993560674,5.730499993660487,2510.340199994971,6050.0,37.30812914716406,0.0,12,14,18,23,120,1400,1700,2400,2500,2500,2500
,Aggregated,624,0,12,136.73015993560674,5.730499993660487,2510.340199994971,6050.0,37.30812914716406,0.0,12,14,18,23,120,1400,1700,2400,2500,2500,2500
