Type,Name,Request Count,Failure Count,Median Response Time,Average Response Time,Min Response Time,Max Response Time,Average Content Size,Requests/s,Failures/s,50%,66%,75%,80%,90%,95%,98%,99%,99.9%,99.99%,100%
GET,/Backend,22943,4622,12,6088.7720610514,3.266599989729002,180512.7705999912,4831.192520594517,90.87864876260981,18.308029228121107,12,17,30,21000,21000,21000,21000,87000,174000,179000,181000
,Aggregated,22943,4622,12,6088.7720610514,3.266599989729002,180512.7705999912,4831.192520594517,90.87864876260981,18.308029228121107,12,17,30,21000,21000,21000,21000,87000,174000,179000,181000
